Date,F,G,H,J,K,M,N,Q,U,V,X,Z
1/1/2025,2.2372,2.2353,2.2251,2.2085,2.1969,2.1881,2.1875,2.187,2.1882,2.1897,2.1871,2.1833
1/2/2025,2.2656,2.2627,2.2515,2.2336,2.221,2.2115,2.2107,2.2101,2.2114,2.2131,2.2106,2.2069
1/3/2025,2.2653,2.2617,2.2499,2.2312,2.2181,2.2083,2.2075,2.2072,2.2079,2.209,2.206,2.2017
1/4/2025,2.2653,2.2617,2.2499,2.2312,2.2181,2.2083,2.2075,2.2072,2.2079,2.209,2.206,2.2017
1/5/2025,2.2653,2.2617,2.2499,2.2312,2.2181,2.2083,2.2075,2.2072,2.2079,2.209,2.206,2.2017
1/6/2025,2.2652,2.2612,2.2496,2.2309,2.218,2.2081,2.2068,2.2061,2.2068,2.2079,2.2049,2.2006
1/7/2025,2.2775,2.2731,2.2613,2.2426,2.2299,2.2203,2.2192,2.2185,2.2192,2.2204,2.2174,2.2131
1/8/2025,2.2637,2.2593,2.2472,2.2293,2.2174,2.2087,2.2078,2.2073,2.2081,2.2094,2.2066,2.2023
1/9/2025,2.2778,2.2733,2.2611,2.2428,2.2305,2.2214,2.2202,2.2196,2.2203,2.2213,2.2185,2.214
1/10/2025,2.3336,2.327,2.3131,2.2927,2.278,2.2662,2.2632,2.2611,2.2608,2.2608,2.2569,2.2514
1/11/2025,2.3336,2.327,2.3131,2.2927,2.278,2.2662,2.2632,2.2611,2.2608,2.2608,2.2569,2.2514
1/12/2025,2.3336,2.327,2.3131,2.2927,2.278,2.2662,2.2632,2.2611,2.2608,2.2608,2.2569,2.2514
1/13/2025,2.3382,2.3302,2.3149,2.2927,2.2762,2.2626,2.2593,2.257,2.2564,2.2562,2.252,2.2463
1/14/2025,2.3381,2.3301,2.3153,2.2935,2.2777,2.2645,2.2614,2.2593,2.2589,2.2593,2.2549,2.2494
1/15/2025,2.3622,2.3523,2.3359,2.313,2.2967,2.2833,2.28,2.2777,2.2767,2.2763,2.2713,2.2652
1/16/2025,2.3505,2.3412,2.3257,2.304,2.2879,2.276,2.2725,2.2701,2.269,2.2683,2.2635,2.2577
1/17/2025,2.3487,2.3403,2.3255,2.3042,2.2884,2.276,2.2725,2.2701,2.269,2.2683,2.2635,2.2577
1/18/2025,2.3487,2.3403,2.3255,2.3042,2.2884,2.276,2.2725,2.2701,2.269,2.2683,2.2635,2.2577
1/19/2025,2.3487,2.3403,2.3255,2.3042,2.2884,2.276,2.2725,2.2701,2.269,2.2683,2.2635,2.2577
1/20/2025,2.3487,2.3403,2.3255,2.3042,2.2884,2.276,2.2725,2.2701,2.269,2.2683,2.2635,2.2577
1/21/2025,2.3293,2.3221,2.3078,2.2871,2.2719,2.2603,2.2578,2.2557,2.2545,2.2538,2.2507,2.2463
1/22/2025,2.323,2.3163,2.3021,2.2817,2.2672,2.2552,2.2527,2.2505,2.2488,2.2476,2.2441,2.2393
1/23/2025,2.3218,2.315,2.3008,2.2809,2.267,2.2554,2.2528,2.2511,2.2502,2.2495,2.2468,2.2426
1/24/2025,2.3144,2.3075,2.2934,2.2737,2.2603,2.2498,2.2472,2.2455,2.2446,2.2439,2.2412,2.237
1/25/2025,2.3144,2.3075,2.2934,2.2737,2.2603,2.2498,2.2472,2.2455,2.2446,2.2439,2.2412,2.237
1/26/2025,2.3144,2.3075,2.2934,2.2737,2.2603,2.2498,2.2472,2.2455,2.2446,2.2439,2.2412,2.237
1/27/2025,2.2775,2.2715,2.2585,2.2401,2.2275,2.2181,2.2166,2.2156,2.2151,2.2151,2.2132,2.2095
1/28/2025,2.2775,2.2712,2.2579,2.2393,2.2268,2.217,2.2154,2.2144,2.2138,2.2138,2.2118,2.2078
1/29/2025,2.2681,2.2619,2.2484,2.2295,2.2172,2.2077,2.2069,2.2067,2.2064,2.2067,2.205,2.2013
1/30/2025,2.2746,2.2683,2.255,2.2357,2.2228,2.2125,2.2112,2.211,2.2109,2.2111,2.2093,2.2055
1/31/2025,2.2706,2.2643,2.2513,2.2323,2.2194,2.2094,2.2079,2.2073,2.2072,2.2074,2.2052,2.2014
2/1/2025,2.2706,2.2643,2.2513,2.2323,2.2194,2.2094,2.2079,2.2073,2.2072,2.2074,2.2052,2.2014
2/2/2025,2.2706,2.2643,2.2513,2.2323,2.2194,2.2094,2.2079,2.2073,2.2072,2.2074,2.2052,2.2014
2/3/2025,2.2865,2.2794,2.2659,2.2456,2.2321,2.2212,2.2194,2.2184,2.2181,2.218,2.2156,2.2115
2/4/2025,2.2952,2.2888,2.2756,2.2555,2.2424,2.2319,2.2301,2.2289,2.2283,2.2282,2.2258,2.2215
2/5/2025,2.2654,2.2594,2.2465,2.2266,2.2141,2.2046,2.2033,2.2027,2.2029,2.2037,2.2022,2.1986
2/6/2025,2.2608,2.2548,2.2416,2.2214,2.2091,2.2001,2.1992,2.1991,2.2,2.2013,2.1997,2.1961
2/7/2025,2.2764,2.2697,2.2562,2.2358,2.2234,2.2149,2.214,2.2139,2.2148,2.2161,2.2145,2.2109
2/8/2025,2.2764,2.2697,2.2562,2.2358,2.2234,2.2149,2.214,2.2139,2.2148,2.2161,2.2145,2.2109
2/9/2025,2.2764,2.2697,2.2562,2.2358,2.2234,2.2149,2.214,2.2139,2.2148,2.2161,2.2145,2.2109
2/10/2025,2.3008,2.2937,2.2798,2.2588,2.2458,2.2362,2.2348,2.2347,2.2355,2.2368,2.2351,2.2315
2/11/2025,2.3398,2.3318,2.3169,2.2948,2.2806,2.27,2.2683,2.2675,2.2677,2.2683,2.2653,2.2604
2/12/2025,2.2898,2.2818,2.2669,2.2452,2.2315,2.2214,2.2197,2.219,2.2193,2.22,2.2171,2.2129
2/13/2025,2.286,2.2783,2.2637,2.2425,2.229,2.2193,2.2177,2.2171,2.2179,2.219,2.2165,2.2126
2/14/2025,2.2903,2.2819,2.2668,2.2455,2.2322,2.2225,2.2209,2.2205,2.2215,2.2229,2.2209,2.2172
2/15/2025,2.2903,2.2819,2.2668,2.2455,2.2322,2.2225,2.2209,2.2205,2.2215,2.2229,2.2209,2.2172
2/16/2025,2.2903,2.2819,2.2668,2.2455,2.2322,2.2225,2.2209,2.2205,2.2215,2.2229,2.2209,2.2172
2/17/2025,2.2903,2.2819,2.2668,2.2455,2.2322,2.2225,2.2209,2.2205,2.2215,2.2229,2.2209,2.2172
2/18/2025,2.2938,2.2854,2.2707,2.2501,2.2371,2.2268,2.2253,2.2247,2.2256,2.2266,2.2244,2.2208
2/19/2025,2.3061,2.298,2.2832,2.2626,2.2499,2.2398,2.2388,2.2382,2.2386,2.2393,2.2371,2.2328
2/20/2025,2.3195,2.3102,2.294,2.2722,2.2586,2.2485,2.2469,2.2463,2.2467,2.2474,2.2452,2.2409
2/21/2025,2.2712,2.2634,2.2486,2.2279,2.2156,2.2067,2.206,2.2062,2.2085,2.2105,2.2085,2.2041
2/22/2025,2.2712,2.2634,2.2486,2.2279,2.2156,2.2067,2.206,2.2062,2.2085,2.2105,2.2085,2.2041
2/23/2025,2.2712,2.2634,2.2486,2.2279,2.2156,2.2067,2.206,2.2062,2.2085,2.2105,2.2085,2.2041
2/24/2025,2.2692,2.262,2.2483,2.2281,2.2167,2.2084,2.2082,2.2088,2.2106,2.2121,2.2102,2.2058
2/25/2025,2.228,2.2222,2.2097,2.1908,2.1805,2.1738,2.1741,2.1753,2.1776,2.1797,2.1783,2.1736
2/26/2025,2.2051,2.2003,2.1892,2.1715,2.1628,2.1575,2.1593,2.1612,2.1636,2.1657,2.1643,2.1596
2/27/2025,2.2454,2.2402,2.2284,2.2098,2.1999,2.1927,2.1941,2.1957,2.1977,2.1993,2.1966,2.1903
2/28/2025,2.2207,2.2152,2.2033,2.1849,2.1752,2.1687,2.17,2.1718,2.1741,2.1762,2.1739,2.1681
3/1/2025,2.2207,2.2152,2.2033,2.1849,2.1752,2.1687,2.17,2.1718,2.1741,2.1762,2.1739,2.1681
3/2/2025,2.2207,2.2152,2.2033,2.1849,2.1752,2.1687,2.17,2.1718,2.1741,2.1762,2.1739,2.1681
3/3/2025,2.1937,2.1897,2.1787,2.1617,2.1528,2.1471,2.1486,2.1507,2.1532,2.1555,2.1535,2.1479
3/4/2025,2.1935,2.1894,2.1783,2.1617,2.1539,2.1492,2.1515,2.1545,2.1575,2.1597,2.1575,2.1518
3/5/2025,2.1604,2.1571,2.1467,2.1308,2.1237,2.1194,2.1221,2.1254,2.129,2.1319,2.1301,2.1245
3/6/2025,2.1553,2.1521,2.1417,2.1259,2.1184,2.1142,2.1171,2.1206,2.1244,2.1275,2.1259,2.1203
3/7/2025,2.1671,2.1635,2.1533,2.1377,2.1307,2.1266,2.1299,2.1334,2.1373,2.1404,2.1389,2.1329
3/8/2025,2.1671,2.1635,2.1533,2.1377,2.1307,2.1266,2.1299,2.1334,2.1373,2.1404,2.1389,2.1329
3/9/2025,2.1671,2.1635,2.1533,2.1377,2.1307,2.1266,2.1299,2.1334,2.1373,2.1404,2.1389,2.1329
3/10/2025,2.1361,2.1328,2.1228,2.1074,2.1003,2.0961,2.0994,2.1028,2.1068,2.1098,2.1082,2.1021
3/11/2025,2.1415,2.1376,2.1274,2.1119,2.1049,2.1012,2.1047,2.1084,2.1124,2.1154,2.1138,2.1077
3/12/2025,2.1676,2.1633,2.1524,2.1362,2.1283,2.1231,2.1262,2.1299,2.1339,2.1362,2.1336,2.1275
3/13/2025,2.1384,2.135,2.125,2.1097,2.1024,2.0979,2.1009,2.1053,2.1094,2.1121,2.1098,2.105
3/14/2025,2.1454,2.1425,2.133,2.118,2.1109,2.1067,2.1097,2.1131,2.1172,2.12,2.1177,2.1129
3/15/2025,2.1454,2.1425,2.133,2.118,2.1109,2.1067,2.1097,2.1131,2.1172,2.12,2.1177,2.1129
3/16/2025,2.1454,2.1425,2.133,2.118,2.1109,2.1067,2.1097,2.1131,2.1172,2.12,2.1177,2.1129
3/17/2025,2.1685,2.1653,2.1553,2.14,2.1327,2.128,2.1302,2.1332,2.1369,2.1395,2.137,2.1315
3/18/2025,2.1611,2.1579,2.148,2.1325,2.1249,2.1203,2.1227,2.1263,2.1303,2.1334,2.1312,2.1267
3/19/2025,2.1744,2.1709,2.1605,2.1447,2.1366,2.1315,2.1334,2.1364,2.14,2.143,2.1407,2.1362
3/20/2025,2.1957,2.1922,2.1816,2.1653,2.157,2.1517,2.1538,2.1571,2.1609,2.164,2.1619,2.1571
3/21/2025,2.1953,2.1916,2.1808,2.1641,2.1552,2.151,2.1526,2.1555,2.1594,2.1624,2.1612,2.1568
3/22/2025,2.1953,2.1916,2.1808,2.1641,2.1552,2.151,2.1526,2.1555,2.1594,2.1624,2.1612,2.1568
3/23/2025,2.1953,2.1916,2.1808,2.1641,2.1552,2.151,2.1526,2.1555,2.1594,2.1624,2.1612,2.1568
3/24/2025,2.203,2.199,2.1877,2.1709,2.1613,2.1551,2.1564,2.1584,2.161,2.1629,2.1603,2.1553
3/25/2025,2.2109,2.2061,2.1939,2.1761,2.1655,2.158,2.1578,2.1588,2.1612,2.1633,2.1609,2.1562
3/26/2025,2.2239,2.2185,2.2062,2.1879,2.1773,2.1702,2.1704,2.1719,2.1742,2.1759,2.1733,2.1677
3/27/2025,2.2338,2.2283,2.216,2.198,2.1876,2.1802,2.1805,2.1821,2.1845,2.1863,2.1837,2.1783
3/28/2025,2.2144,2.2094,2.1975,2.1801,2.1703,2.164,2.1648,2.1665,2.1689,2.1707,2.1682,2.163
3/29/2025,2.2144,2.2094,2.1975,2.1801,2.1703,2.164,2.1648,2.1665,2.1689,2.1707,2.1682,2.163
3/30/2025,2.2144,2.2094,2.1975,2.1801,2.1703,2.164,2.1648,2.1665,2.1689,2.1707,2.1682,2.163
3/31/2025,2.2602,2.2542,2.2411,2.2225,2.2114,2.2034,2.2027,2.2028,2.2037,2.2045,2.2016,2.1959
4/1/2025,2.2631,2.2566,2.243,2.2239,2.2125,2.2042,2.2029,2.203,2.2042,2.2054,2.2032,2.1991
4/2/2025,2.2849,2.2777,2.2634,2.2433,2.2312,2.2221,2.2207,2.2205,2.2216,2.2227,2.2209,2.2168
4/3/2025,2.1691,2.1657,2.155,2.138,2.1289,2.1234,2.1262,2.1298,2.1337,2.1375,2.1358,2.1328
4/4/2025,2.0658,2.0656,2.0577,2.0443,2.0389,2.0367,2.0414,2.0464,2.052,2.0564,2.0565,2.0542
4/5/2025,2.0658,2.0656,2.0577,2.0443,2.0389,2.0367,2.0414,2.0464,2.052,2.0564,2.0565,2.0542
4/6/2025,2.0658,2.0656,2.0577,2.0443,2.0389,2.0367,2.0414,2.0464,2.052,2.0564,2.0565,2.0542
4/7/2025,2.0515,2.0522,2.0457,2.0336,2.0291,2.0283,2.0349,2.042,2.0494,2.0541,2.0545,2.0524
4/8/2025,2.0204,2.0208,2.0141,2.0027,1.9993,1.9997,2.0063,2.0135,2.0212,2.0271,2.0278,2.0262
4/9/2025,2.0834,2.0821,2.0735,2.0607,2.0566,2.0568,2.0651,2.073,2.0809,2.0869,2.0878,2.0863
4/10/2025,2.0298,2.03,2.0229,2.0115,2.009,2.0108,2.0192,2.0281,2.0374,2.0459,2.0482,2.0476
4/11/2025,2.0444,2.0442,2.0366,2.0247,2.0216,2.0226,2.0305,2.0389,2.0481,2.0561,2.0587,2.0576
4/12/2025,2.0444,2.0442,2.0366,2.0247,2.0216,2.0226,2.0305,2.0389,2.0481,2.0561,2.0587,2.0576
4/13/2025,2.0444,2.0442,2.0366,2.0247,2.0216,2.0226,2.0305,2.0389,2.0481,2.0561,2.0587,2.0576
4/14/2025,2.0581,2.0571,2.0495,2.0369,2.0333,2.0338,2.0419,2.0503,2.0592,2.0671,2.0699,2.0688
4/15/2025,2.0511,2.051,2.0441,2.0322,2.028,2.0274,2.0351,2.0435,2.0526,2.0609,2.0641,2.0637
4/16/2025,2.0746,2.0732,2.0649,2.0517,2.0456,2.0436,2.0504,2.0585,2.0673,2.0748,2.0774,2.0763
4/17/2025,2.1179,2.1156,2.1062,2.0921,2.0851,2.0819,2.0874,2.0942,2.1016,2.1086,2.1107,2.1095
4/18/2025,2.1179,2.1156,2.1062,2.0921,2.0851,2.0819,2.0874,2.0942,2.1016,2.1086,2.1107,2.1095
4/19/2025,2.1179,2.1156,2.1062,2.0921,2.0851,2.0819,2.0874,2.0942,2.1016,2.1086,2.1107,2.1095
4/20/2025,2.1179,2.1156,2.1062,2.0921,2.0851,2.0819,2.0874,2.0942,2.1016,2.1086,2.1107,2.1095
4/21/2025,2.0766,2.0749,2.0662,2.0531,2.0473,2.0454,2.0512,2.058,2.0656,2.0731,2.0763,2.0772
4/22/2025,2.1079,2.1057,2.0964,2.0827,2.0763,2.0735,2.0788,2.0851,2.0924,2.0993,2.1025,2.1032
4/23/2025,2.089,2.0874,2.0787,2.065,2.0598,2.0583,2.0648,2.0721,2.0804,2.0875,2.0915,2.0929
4/24/2025,2.1081,2.1064,2.0975,2.0833,2.0776,2.0751,2.0812,2.0883,2.0967,2.1036,2.1074,2.1085
4/25/2025,2.1165,2.1138,2.1038,2.0888,2.0821,2.0792,2.0848,2.0915,2.0993,2.1069,2.1108,2.1117
4/26/2025,2.1165,2.1138,2.1038,2.0888,2.0821,2.0792,2.0848,2.0915,2.0993,2.1069,2.1108,2.1117
4/27/2025,2.1165,2.1138,2.1038,2.0888,2.0821,2.0792,2.0848,2.0915,2.0993,2.1069,2.1108,2.1117
4/28/2025,2.1019,2.0994,2.0895,2.0746,2.0683,2.0657,2.0717,2.079,2.0875,2.096,2.0998,2.1005
4/29/2025,2.075,2.0731,2.0636,2.0493,2.0436,2.0416,2.0486,2.057,2.0665,2.0754,2.08,2.0807
4/30/2025,2.0218,2.0202,2.0112,1.9975,1.9923,1.9907,1.9986,2.0079,2.0183,2.0277,2.0326,2.0339
5/1/2025,2.0352,2.0332,2.0241,2.0106,2.0056,2.0045,2.0126,2.022,2.0325,2.0419,2.0468,2.0481
5/2/2025,2.0179,2.0166,2.0082,1.9955,1.9913,1.9912,1.9999,2.0097,2.0205,2.0299,2.0348,2.0361
5/3/2025,2.0179,2.0166,2.0082,1.9955,1.9913,1.9912,1.9999,2.0097,2.0205,2.0299,2.0348,2.0361
5/4/2025,2.0179,2.0166,2.0082,1.9955,1.9913,1.9912,1.9999,2.0097,2.0205,2.0299,2.0348,2.0361
5/5/2025,1.9999,1.9982,1.9897,1.9768,1.9727,1.9723,1.981,1.9909,2.0017,2.0111,2.0155,2.0165
5/6/2025,2.0342,2.0313,2.0219,2.0079,2.0033,2.0029,2.0106,2.0197,2.0299,2.0396,2.0443,2.046
5/7/2025,2.0031,2.0011,1.9922,1.9787,1.974,1.973,1.9812,1.991,2.0019,2.0119,2.0169,2.0189
5/8/2025,2.0453,2.0426,2.0327,2.018,2.0114,2.0087,2.0155,2.0242,2.0344,2.0435,2.0484,2.0503
5/9/2025,2.066,2.0627,2.052,2.0365,2.0295,2.026,2.0322,2.0403,2.05,2.0591,2.0645,2.0664
5/10/2025,2.066,2.0627,2.052,2.0365,2.0295,2.026,2.0322,2.0403,2.05,2.0591,2.0645,2.0664
5/11/2025,2.066,2.0627,2.052,2.0365,2.0295,2.026,2.0322,2.0403,2.05,2.0591,2.0645,2.0664
5/12/2025,2.0995,2.0961,2.0855,2.0699,2.0632,2.0604,2.0673,2.0761,2.0859,2.0951,2.1003,2.1019
5/13/2025,2.1422,2.138,2.1264,2.1097,2.1012,2.0967,2.1021,2.1095,2.1182,2.1272,2.1319,2.1332
5/14/2025,2.1428,2.1379,2.1262,2.1089,2.0999,2.095,2.1004,2.1075,2.116,2.1236,2.1271,2.1281
5/15/2025,2.1003,2.0963,2.086,2.0698,2.0626,2.0598,2.0668,2.0753,2.0846,2.093,2.096,2.0966
5/16/2025,2.1009,2.0971,2.087,2.0709,2.0639,2.0612,2.068,2.0762,2.0854,2.0938,2.0973,2.0978
5/17/2025,2.1009,2.0971,2.087,2.0709,2.0639,2.0612,2.068,2.0762,2.0854,2.0938,2.0973,2.0978
5/18/2025,2.1009,2.0971,2.087,2.0709,2.0639,2.0612,2.068,2.0762,2.0854,2.0938,2.0973,2.0978
5/19/2025,2.0893,2.0857,2.0758,2.0602,2.0538,2.0515,2.0582,2.0662,2.0751,2.083,2.0861,2.0864
5/20/2025,2.0956,2.0927,2.0834,2.0683,2.0617,2.0589,2.0657,2.0737,2.0828,2.0908,2.0944,2.0943
5/21/2025,2.0994,2.0963,2.0869,2.0714,2.0641,2.0606,2.0665,2.074,2.0827,2.0911,2.0951,2.0954
5/22/2025,2.0829,2.0802,2.0712,2.0561,2.0494,2.0467,2.0535,2.0615,2.0707,2.0789,2.0825,2.0828
5/23/2025,2.0826,2.0803,2.0717,2.0569,2.051,2.0492,2.0563,2.0642,2.073,2.0808,2.0836,2.0836
5/24/2025,2.0826,2.0803,2.0717,2.0569,2.051,2.0492,2.0563,2.0642,2.073,2.0808,2.0836,2.0836
5/25/2025,2.0826,2.0803,2.0717,2.0569,2.051,2.0492,2.0563,2.0642,2.073,2.0808,2.0836,2.0836
5/26/2025,2.0826,2.0803,2.0717,2.0569,2.051,2.0492,2.0563,2.0642,2.073,2.0808,2.0836,2.0836
5/27/2025,2.0605,2.0583,2.0498,2.0351,2.0289,2.0267,2.0334,2.0414,2.0502,2.0584,2.0619,2.0622
5/28/2025,2.0808,2.0787,2.0699,2.0548,2.048,2.0453,2.0515,2.0586,2.0665,2.0739,2.077,2.0769
5/29/2025,2.0447,2.0422,2.0328,2.0178,2.0114,2.0094,2.0162,2.024,2.0327,2.0406,2.0441,2.0441
5/30/2025,2.0187,2.0169,2.0081,1.9934,1.9874,1.9855,1.9928,2.0009,2.0098,2.0182,2.0221,2.0227
5/31/2025,2.0187,2.0169,2.0081,1.9934,1.9874,1.9855,1.9928,2.0009,2.0098,2.0182,2.0221,2.0227
6/1/2025,2.0187,2.0169,2.0081,1.9934,1.9874,1.9855,1.9928,2.0009,2.0098,2.0182,2.0221,2.0227
6/2/2025,2.0566,2.0544,2.0453,2.03,2.023,2.0199,2.026,2.0331,2.0416,2.0493,2.0528,2.0527
6/3/2025,2.0954,2.0931,2.0839,2.0681,2.0606,2.057,2.0627,2.0694,2.0773,2.0844,2.0877,2.0876
6/4/2025,2.0684,2.066,2.057,2.0416,2.0345,2.0311,2.0371,2.0444,2.0529,2.0609,2.0649,2.0651
6/5/2025,2.0853,2.0819,2.0716,2.0553,2.0473,2.0432,2.0487,2.0556,2.0636,2.0714,2.0756,2.0759
6/6/2025,2.1077,2.1041,2.0935,2.0768,2.0687,2.0644,2.0698,2.0765,2.0843,2.0919,2.0951,2.0952
6/7/2025,2.1077,2.1041,2.0935,2.0768,2.0687,2.0644,2.0698,2.0765,2.0843,2.0919,2.0951,2.0952
6/8/2025,2.1077,2.1041,2.0935,2.0768,2.0687,2.0644,2.0698,2.0765,2.0843,2.0919,2.0951,2.0952
6/9/2025,2.1228,2.119,2.1079,2.0907,2.0822,2.0774,2.0827,2.0894,2.0971,2.1045,2.1074,2.1072
6/10/2025,2.1238,2.1199,2.1089,2.0917,2.0832,2.0784,2.0839,2.0906,2.0983,2.1055,2.1084,2.1079
6/11/2025,2.1805,2.1748,2.1615,2.1421,2.1314,2.1245,2.1284,2.1331,2.1389,2.1445,2.1465,2.1455
6/12/2025,2.1666,2.1617,2.1489,2.1297,2.1191,2.1124,2.1164,2.1212,2.1271,2.1329,2.1346,2.1335
6/13/2025,2.2976,2.2883,2.2692,2.2422,2.2236,2.2098,2.2094,2.2104,2.2130,2.2170,2.2182,2.2160
6/14/2025,,,,,,,,,,,,
6/15/2025,,,,,,,,,,,,
6/16/2025,,,,,,,,,,,,
6/17/2025,,,,,,,,,,,,
6/18/2025,,,,,,,,,,,,
6/19/2025,,,,,,,,,,,,
6/20/2025,,,,,,,,,,,,
6/21/2025,,,,,,,,,,,,
6/22/2025,,,,,,,,,,,,
6/23/2025,,,,,,,,,,,,
6/24/2025,,,,,,,,,,,,
6/25/2025,,,,,,,,,,,,
6/26/2025,,,,,,,,,,,,
6/27/2025,,,,,,,,,,,,
6/28/2025,,,,,,,,,,,,
6/29/2025,,,,,,,,,,,,
6/30/2025,,,,,,,,,,,,
7/1/2025,,,,,,,,,,,,
7/2/2025,,,,,,,,,,,,
7/3/2025,,,,,,,,,,,,
7/4/2025,,,,,,,,,,,,
7/5/2025,,,,,,,,,,,,
7/6/2025,,,,,,,,,,,,
7/7/2025,,,,,,,,,,,,
7/8/2025,,,,,,,,,,,,
7/9/2025,,,,,,,,,,,,
7/10/2025,,,,,,,,,,,,
7/11/2025,,,,,,,,,,,,
7/12/2025,,,,,,,,,,,,
7/13/2025,,,,,,,,,,,,
7/14/2025,,,,,,,,,,,,
7/15/2025,,,,,,,,,,,,
7/16/2025,,,,,,,,,,,,
7/17/2025,,,,,,,,,,,,
7/18/2025,,,,,,,,,,,,
7/19/2025,,,,,,,,,,,,
7/20/2025,,,,,,,,,,,,
7/21/2025,,,,,,,,,,,,
7/22/2025,,,,,,,,,,,,
7/23/2025,,,,,,,,,,,,
7/24/2025,,,,,,,,,,,,
7/25/2025,,,,,,,,,,,,
7/26/2025,,,,,,,,,,,,
7/27/2025,,,,,,,,,,,,
7/28/2025,,,,,,,,,,,,
7/29/2025,,,,,,,,,,,,
7/30/2025,,,,,,,,,,,,
7/31/2025,,,,,,,,,,,,
8/1/2025,,,,,,,,,,,,
8/2/2025,,,,,,,,,,,,
8/3/2025,,,,,,,,,,,,
8/4/2025,,,,,,,,,,,,
8/5/2025,,,,,,,,,,,,
8/6/2025,,,,,,,,,,,,
8/7/2025,,,,,,,,,,,,
8/8/2025,,,,,,,,,,,,
8/9/2025,,,,,,,,,,,,
8/10/2025,,,,,,,,,,,,
8/11/2025,,,,,,,,,,,,
8/12/2025,,,,,,,,,,,,
8/13/2025,,,,,,,,,,,,
8/14/2025,,,,,,,,,,,,
8/15/2025,,,,,,,,,,,,
8/16/2025,,,,,,,,,,,,
8/17/2025,,,,,,,,,,,,
8/18/2025,,,,,,,,,,,,
8/19/2025,,,,,,,,,,,,
8/20/2025,,,,,,,,,,,,
8/21/2025,,,,,,,,,,,,
8/22/2025,,,,,,,,,,,,
8/23/2025,,,,,,,,,,,,
8/24/2025,,,,,,,,,,,,
8/25/2025,,,,,,,,,,,,
8/26/2025,,,,,,,,,,,,
8/27/2025,,,,,,,,,,,,
8/28/2025,,,,,,,,,,,,
8/29/2025,,,,,,,,,,,,
8/30/2025,,,,,,,,,,,,
8/31/2025,,,,,,,,,,,,
9/1/2025,,,,,,,,,,,,
9/2/2025,,,,,,,,,,,,
9/3/2025,,,,,,,,,,,,
9/4/2025,,,,,,,,,,,,
9/5/2025,,,,,,,,,,,,
9/6/2025,,,,,,,,,,,,
9/7/2025,,,,,,,,,,,,
9/8/2025,,,,,,,,,,,,
9/9/2025,,,,,,,,,,,,
9/10/2025,,,,,,,,,,,,
9/11/2025,,,,,,,,,,,,
9/12/2025,,,,,,,,,,,,
9/13/2025,,,,,,,,,,,,
9/14/2025,,,,,,,,,,,,
9/15/2025,,,,,,,,,,,,
9/16/2025,,,,,,,,,,,,
9/17/2025,,,,,,,,,,,,
9/18/2025,,,,,,,,,,,,
9/19/2025,,,,,,,,,,,,
9/20/2025,,,,,,,,,,,,
9/21/2025,,,,,,,,,,,,
9/22/2025,,,,,,,,,,,,
9/23/2025,,,,,,,,,,,,
9/24/2025,,,,,,,,,,,,
9/25/2025,,,,,,,,,,,,
9/26/2025,,,,,,,,,,,,
9/27/2025,,,,,,,,,,,,
9/28/2025,,,,,,,,,,,,
9/29/2025,,,,,,,,,,,,
9/30/2025,,,,,,,,,,,,
10/1/2025,,,,,,,,,,,,
10/2/2025,,,,,,,,,,,,
10/3/2025,,,,,,,,,,,,
10/4/2025,,,,,,,,,,,,
10/5/2025,,,,,,,,,,,,
10/6/2025,,,,,,,,,,,,
10/7/2025,,,,,,,,,,,,
10/8/2025,,,,,,,,,,,,
10/9/2025,,,,,,,,,,,,
10/10/2025,,,,,,,,,,,,
10/11/2025,,,,,,,,,,,,
10/12/2025,,,,,,,,,,,,
10/13/2025,,,,,,,,,,,,
10/14/2025,,,,,,,,,,,,
10/15/2025,,,,,,,,,,,,
10/16/2025,,,,,,,,,,,,
10/17/2025,,,,,,,,,,,,
10/18/2025,,,,,,,,,,,,
10/19/2025,,,,,,,,,,,,
10/20/2025,,,,,,,,,,,,
10/21/2025,,,,,,,,,,,,
10/22/2025,,,,,,,,,,,,
10/23/2025,,,,,,,,,,,,
10/24/2025,,,,,,,,,,,,
10/25/2025,,,,,,,,,,,,
10/26/2025,,,,,,,,,,,,
10/27/2025,,,,,,,,,,,,
10/28/2025,,,,,,,,,,,,
10/29/2025,,,,,,,,,,,,
10/30/2025,,,,,,,,,,,,
10/31/2025,,,,,,,,,,,,
11/1/2025,,,,,,,,,,,,
11/2/2025,,,,,,,,,,,,
11/3/2025,,,,,,,,,,,,
11/4/2025,,,,,,,,,,,,
11/5/2025,,,,,,,,,,,,
11/6/2025,,,,,,,,,,,,
11/7/2025,,,,,,,,,,,,
11/8/2025,,,,,,,,,,,,
11/9/2025,,,,,,,,,,,,
11/10/2025,,,,,,,,,,,,
11/11/2025,,,,,,,,,,,,
11/12/2025,,,,,,,,,,,,
11/13/2025,,,,,,,,,,,,
11/14/2025,,,,,,,,,,,,
11/15/2025,,,,,,,,,,,,
11/16/2025,,,,,,,,,,,,
11/17/2025,,,,,,,,,,,,
11/18/2025,,,,,,,,,,,,
11/19/2025,,,,,,,,,,,,
11/20/2025,,,,,,,,,,,,
11/21/2025,,,,,,,,,,,,
11/22/2025,,,,,,,,,,,,
11/23/2025,,,,,,,,,,,,
11/24/2025,,,,,,,,,,,,
11/25/2025,,,,,,,,,,,,
11/26/2025,,,,,,,,,,,,
11/27/2025,,,,,,,,,,,,
11/28/2025,,,,,,,,,,,,
11/29/2025,,,,,,,,,,,,
11/30/2025,,,,,,,,,,,,
12/1/2025,,,,,,,,,,,,
12/2/2025,,,,,,,,,,,,
12/3/2025,,,,,,,,,,,,
12/4/2025,,,,,,,,,,,,
12/5/2025,,,,,,,,,,,,
12/6/2025,,,,,,,,,,,,
12/7/2025,,,,,,,,,,,,
12/8/2025,,,,,,,,,,,,
12/9/2025,,,,,,,,,,,,
12/10/2025,,,,,,,,,,,,
12/11/2025,,,,,,,,,,,,
12/12/2025,,,,,,,,,,,,
12/13/2025,,,,,,,,,,,,
12/14/2025,,,,,,,,,,,,
12/15/2025,,,,,,,,,,,,
12/16/2025,,,,,,,,,,,,
12/17/2025,,,,,,,,,,,,
12/18/2025,,,,,,,,,,,,
12/19/2025,,,,,,,,,,,,
12/20/2025,,,,,,,,,,,,
12/21/2025,,,,,,,,,,,,
12/22/2025,,,,,,,,,,,,
12/23/2025,,,,,,,,,,,,
12/24/2025,,,,,,,,,,,,
12/25/2025,,,,,,,,,,,,
12/26/2025,,,,,,,,,,,,
12/27/2025,,,,,,,,,,,,
12/28/2025,,,,,,,,,,,,
12/29/2025,,,,,,,,,,,,
12/30/2025,,,,,,,,,,,,
12/31/2025,,,,,,,,,,,,
1/1/2026,,,,,,,,,,,,
1/2/2026,,,,,,,,,,,,
1/3/2026,,,,,,,,,,,,
1/4/2026,,,,,,,,,,,,
1/5/2026,,,,,,,,,,,,
1/6/2026,,,,,,,,,,,,
1/7/2026,,,,,,,,,,,,
1/8/2026,,,,,,,,,,,,
1/9/2026,,,,,,,,,,,,
1/10/2026,,,,,,,,,,,,
1/11/2026,,,,,,,,,,,,
1/12/2026,,,,,,,,,,,,
1/13/2026,,,,,,,,,,,,
1/14/2026,,,,,,,,,,,,
1/15/2026,,,,,,,,,,,,
1/16/2026,,,,,,,,,,,,
1/17/2026,,,,,,,,,,,,
1/18/2026,,,,,,,,,,,,
1/19/2026,,,,,,,,,,,,
1/20/2026,,,,,,,,,,,,
1/21/2026,,,,,,,,,,,,
1/22/2026,,,,,,,,,,,,
1/23/2026,,,,,,,,,,,,
1/24/2026,,,,,,,,,,,,
1/25/2026,,,,,,,,,,,,
1/26/2026,,,,,,,,,,,,
1/27/2026,,,,,,,,,,,,
1/28/2026,,,,,,,,,,,,
1/29/2026,,,,,,,,,,,,
1/30/2026,,,,,,,,,,,,
1/31/2026,,,,,,,,,,,,
2/1/2026,,,,,,,,,,,,
2/2/2026,,,,,,,,,,,,
2/3/2026,,,,,,,,,,,,
2/4/2026,,,,,,,,,,,,
2/5/2026,,,,,,,,,,,,
2/6/2026,,,,,,,,,,,,
2/7/2026,,,,,,,,,,,,
2/8/2026,,,,,,,,,,,,
2/9/2026,,,,,,,,,,,,
2/10/2026,,,,,,,,,,,,
2/11/2026,,,,,,,,,,,,
2/12/2026,,,,,,,,,,,,
2/13/2026,,,,,,,,,,,,
2/14/2026,,,,,,,,,,,,
2/15/2026,,,,,,,,,,,,
2/16/2026,,,,,,,,,,,,
2/17/2026,,,,,,,,,,,,
2/18/2026,,,,,,,,,,,,
2/19/2026,,,,,,,,,,,,
2/20/2026,,,,,,,,,,,,
2/21/2026,,,,,,,,,,,,
2/22/2026,,,,,,,,,,,,
2/23/2026,,,,,,,,,,,,
2/24/2026,,,,,,,,,,,,
2/25/2026,,,,,,,,,,,,
2/26/2026,,,,,,,,,,,,
2/27/2026,,,,,,,,,,,,
2/28/2026,,,,,,,,,,,,
3/1/2026,,,,,,,,,,,,
3/2/2026,,,,,,,,,,,,
3/3/2026,,,,,,,,,,,,
3/4/2026,,,,,,,,,,,,
3/5/2026,,,,,,,,,,,,
3/6/2026,,,,,,,,,,,,
3/7/2026,,,,,,,,,,,,
3/8/2026,,,,,,,,,,,,
3/9/2026,,,,,,,,,,,,
3/10/2026,,,,,,,,,,,,
3/11/2026,,,,,,,,,,,,
3/12/2026,,,,,,,,,,,,
3/13/2026,,,,,,,,,,,,
3/14/2026,,,,,,,,,,,,
3/15/2026,,,,,,,,,,,,
3/16/2026,,,,,,,,,,,,
3/17/2026,,,,,,,,,,,,
3/18/2026,,,,,,,,,,,,
3/19/2026,,,,,,,,,,,,
3/20/2026,,,,,,,,,,,,
3/21/2026,,,,,,,,,,,,
3/22/2026,,,,,,,,,,,,
3/23/2026,,,,,,,,,,,,
3/24/2026,,,,,,,,,,,,
3/25/2026,,,,,,,,,,,,
3/26/2026,,,,,,,,,,,,
3/27/2026,,,,,,,,,,,,
3/28/2026,,,,,,,,,,,,
3/29/2026,,,,,,,,,,,,
3/30/2026,,,,,,,,,,,,
3/31/2026,,,,,,,,,,,,
4/1/2026,,,,,,,,,,,,
4/2/2026,,,,,,,,,,,,
4/3/2026,,,,,,,,,,,,
4/4/2026,,,,,,,,,,,,
4/5/2026,,,,,,,,,,,,
4/6/2026,,,,,,,,,,,,
4/7/2026,,,,,,,,,,,,
4/8/2026,,,,,,,,,,,,
4/9/2026,,,,,,,,,,,,
4/10/2026,,,,,,,,,,,,
4/11/2026,,,,,,,,,,,,
4/12/2026,,,,,,,,,,,,
4/13/2026,,,,,,,,,,,,
4/14/2026,,,,,,,,,,,,
4/15/2026,,,,,,,,,,,,
4/16/2026,,,,,,,,,,,,
4/17/2026,,,,,,,,,,,,
4/18/2026,,,,,,,,,,,,
4/19/2026,,,,,,,,,,,,
4/20/2026,,,,,,,,,,,,
4/21/2026,,,,,,,,,,,,
4/22/2026,,,,,,,,,,,,
4/23/2026,,,,,,,,,,,,
4/24/2026,,,,,,,,,,,,
4/25/2026,,,,,,,,,,,,
4/26/2026,,,,,,,,,,,,
4/27/2026,,,,,,,,,,,,
4/28/2026,,,,,,,,,,,,
4/29/2026,,,,,,,,,,,,
4/30/2026,,,,,,,,,,,,
5/1/2026,,,,,,,,,,,,
5/2/2026,,,,,,,,,,,,
5/3/2026,,,,,,,,,,,,
5/4/2026,,,,,,,,,,,,
5/5/2026,,,,,,,,,,,,
5/6/2026,,,,,,,,,,,,
5/7/2026,,,,,,,,,,,,
5/8/2026,,,,,,,,,,,,
5/9/2026,,,,,,,,,,,,
5/10/2026,,,,,,,,,,,,
5/11/2026,,,,,,,,,,,,
5/12/2026,,,,,,,,,,,,
5/13/2026,,,,,,,,,,,,
5/14/2026,,,,,,,,,,,,
5/15/2026,,,,,,,,,,,,
5/16/2026,,,,,,,,,,,,
5/17/2026,,,,,,,,,,,,
5/18/2026,,,,,,,,,,,,
5/19/2026,,,,,,,,,,,,
5/20/2026,,,,,,,,,,,,
5/21/2026,,,,,,,,,,,,
5/22/2026,,,,,,,,,,,,
5/23/2026,,,,,,,,,,,,
5/24/2026,,,,,,,,,,,,
5/25/2026,,,,,,,,,,,,
5/26/2026,,,,,,,,,,,,
5/27/2026,,,,,,,,,,,,
5/28/2026,,,,,,,,,,,,
5/29/2026,,,,,,,,,,,,
5/30/2026,,,,,,,,,,,,
5/31/2026,,,,,,,,,,,,
6/1/2026,,,,,,,,,,,,
6/2/2026,,,,,,,,,,,,
6/3/2026,,,,,,,,,,,,
6/4/2026,,,,,,,,,,,,
6/5/2026,,,,,,,,,,,,
6/6/2026,,,,,,,,,,,,
6/7/2026,,,,,,,,,,,,
6/8/2026,,,,,,,,,,,,
6/9/2026,,,,,,,,,,,,
6/10/2026,,,,,,,,,,,,
6/11/2026,,,,,,,,,,,,
6/12/2026,,,,,,,,,,,,
6/13/2026,,,,,,,,,,,,
6/14/2026,,,,,,,,,,,,
6/15/2026,,,,,,,,,,,,
6/16/2026,,,,,,,,,,,,
6/17/2026,,,,,,,,,,,,
6/18/2026,,,,,,,,,,,,
6/19/2026,,,,,,,,,,,,
6/20/2026,,,,,,,,,,,,
6/21/2026,,,,,,,,,,,,
6/22/2026,,,,,,,,,,,,
6/23/2026,,,,,,,,,,,,
6/24/2026,,,,,,,,,,,,
6/25/2026,,,,,,,,,,,,
6/26/2026,,,,,,,,,,,,
6/27/2026,,,,,,,,,,,,
6/28/2026,,,,,,,,,,,,
6/29/2026,,,,,,,,,,,,
6/30/2026,,,,,,,,,,,,
7/1/2026,,,,,,,,,,,,
7/2/2026,,,,,,,,,,,,
7/3/2026,,,,,,,,,,,,
7/4/2026,,,,,,,,,,,,
7/5/2026,,,,,,,,,,,,
7/6/2026,,,,,,,,,,,,
7/7/2026,,,,,,,,,,,,
7/8/2026,,,,,,,,,,,,
7/9/2026,,,,,,,,,,,,
7/10/2026,,,,,,,,,,,,
7/11/2026,,,,,,,,,,,,
7/12/2026,,,,,,,,,,,,
7/13/2026,,,,,,,,,,,,
7/14/2026,,,,,,,,,,,,
7/15/2026,,,,,,,,,,,,
7/16/2026,,,,,,,,,,,,
7/17/2026,,,,,,,,,,,,
7/18/2026,,,,,,,,,,,,
7/19/2026,,,,,,,,,,,,
7/20/2026,,,,,,,,,,,,
7/21/2026,,,,,,,,,,,,
7/22/2026,,,,,,,,,,,,
7/23/2026,,,,,,,,,,,,
7/24/2026,,,,,,,,,,,,
7/25/2026,,,,,,,,,,,,
7/26/2026,,,,,,,,,,,,
7/27/2026,,,,,,,,,,,,
7/28/2026,,,,,,,,,,,,
7/29/2026,,,,,,,,,,,,
7/30/2026,,,,,,,,,,,,
7/31/2026,,,,,,,,,,,,
8/1/2026,,,,,,,,,,,,
8/2/2026,,,,,,,,,,,,
8/3/2026,,,,,,,,,,,,
8/4/2026,,,,,,,,,,,,
8/5/2026,,,,,,,,,,,,
8/6/2026,,,,,,,,,,,,
8/7/2026,,,,,,,,,,,,
8/8/2026,,,,,,,,,,,,
8/9/2026,,,,,,,,,,,,
8/10/2026,,,,,,,,,,,,
8/11/2026,,,,,,,,,,,,
8/12/2026,,,,,,,,,,,,
8/13/2026,,,,,,,,,,,,
8/14/2026,,,,,,,,,,,,
8/15/2026,,,,,,,,,,,,
8/16/2026,,,,,,,,,,,,
8/17/2026,,,,,,,,,,,,
8/18/2026,,,,,,,,,,,,
8/19/2026,,,,,,,,,,,,
8/20/2026,,,,,,,,,,,,
8/21/2026,,,,,,,,,,,,
8/22/2026,,,,,,,,,,,,
8/23/2026,,,,,,,,,,,,
8/24/2026,,,,,,,,,,,,
8/25/2026,,,,,,,,,,,,
8/26/2026,,,,,,,,,,,,
8/27/2026,,,,,,,,,,,,
8/28/2026,,,,,,,,,,,,
8/29/2026,,,,,,,,,,,,
8/30/2026,,,,,,,,,,,,
8/31/2026,,,,,,,,,,,,
9/1/2026,,,,,,,,,,,,
9/2/2026,,,,,,,,,,,,
9/3/2026,,,,,,,,,,,,
9/4/2026,,,,,,,,,,,,
9/5/2026,,,,,,,,,,,,
9/6/2026,,,,,,,,,,,,
9/7/2026,,,,,,,,,,,,
9/8/2026,,,,,,,,,,,,
9/9/2026,,,,,,,,,,,,
9/10/2026,,,,,,,,,,,,
9/11/2026,,,,,,,,,,,,
9/12/2026,,,,,,,,,,,,
9/13/2026,,,,,,,,,,,,
9/14/2026,,,,,,,,,,,,
9/15/2026,,,,,,,,,,,,
9/16/2026,,,,,,,,,,,,
9/17/2026,,,,,,,,,,,,
9/18/2026,,,,,,,,,,,,
9/19/2026,,,,,,,,,,,,
9/20/2026,,,,,,,,,,,,
9/21/2026,,,,,,,,,,,,
9/22/2026,,,,,,,,,,,,
9/23/2026,,,,,,,,,,,,
9/24/2026,,,,,,,,,,,,
9/25/2026,,,,,,,,,,,,
9/26/2026,,,,,,,,,,,,
9/27/2026,,,,,,,,,,,,
9/28/2026,,,,,,,,,,,,
9/29/2026,,,,,,,,,,,,
9/30/2026,,,,,,,,,,,,
10/1/2026,,,,,,,,,,,,
10/2/2026,,,,,,,,,,,,
10/3/2026,,,,,,,,,,,,
10/4/2026,,,,,,,,,,,,
10/5/2026,,,,,,,,,,,,
10/6/2026,,,,,,,,,,,,
10/7/2026,,,,,,,,,,,,
10/8/2026,,,,,,,,,,,,
10/9/2026,,,,,,,,,,,,
10/10/2026,,,,,,,,,,,,
10/11/2026,,,,,,,,,,,,
10/12/2026,,,,,,,,,,,,
10/13/2026,,,,,,,,,,,,
10/14/2026,,,,,,,,,,,,
10/15/2026,,,,,,,,,,,,
10/16/2026,,,,,,,,,,,,
10/17/2026,,,,,,,,,,,,
10/18/2026,,,,,,,,,,,,
10/19/2026,,,,,,,,,,,,
10/20/2026,,,,,,,,,,,,
10/21/2026,,,,,,,,,,,,
10/22/2026,,,,,,,,,,,,
10/23/2026,,,,,,,,,,,,
10/24/2026,,,,,,,,,,,,
10/25/2026,,,,,,,,,,,,
10/26/2026,,,,,,,,,,,,
10/27/2026,,,,,,,,,,,,
10/28/2026,,,,,,,,,,,,
10/29/2026,,,,,,,,,,,,
10/30/2026,,,,,,,,,,,,
10/31/2026,,,,,,,,,,,,
11/1/2026,,,,,,,,,,,,
11/2/2026,,,,,,,,,,,,
11/3/2026,,,,,,,,,,,,
11/4/2026,,,,,,,,,,,,
11/5/2026,,,,,,,,,,,,
11/6/2026,,,,,,,,,,,,
11/7/2026,,,,,,,,,,,,
11/8/2026,,,,,,,,,,,,
11/9/2026,,,,,,,,,,,,
11/10/2026,,,,,,,,,,,,
11/11/2026,,,,,,,,,,,,
11/12/2026,,,,,,,,,,,,
11/13/2026,,,,,,,,,,,,
11/14/2026,,,,,,,,,,,,
11/15/2026,,,,,,,,,,,,
11/16/2026,,,,,,,,,,,,
11/17/2026,,,,,,,,,,,,
11/18/2026,,,,,,,,,,,,
11/19/2026,,,,,,,,,,,,
11/20/2026,,,,,,,,,,,,
11/21/2026,,,,,,,,,,,,
11/22/2026,,,,,,,,,,,,
11/23/2026,,,,,,,,,,,,
11/24/2026,,,,,,,,,,,,
11/25/2026,,,,,,,,,,,,
11/26/2026,,,,,,,,,,,,
11/27/2026,,,,,,,,,,,,
11/28/2026,,,,,,,,,,,,
11/29/2026,,,,,,,,,,,,
11/30/2026,,,,,,,,,,,,
